date_recovered,area,season,water_yr,site,rep,habitat,preweight_filter_mg,dried_weight_filter_mg,ashed_weight_filter_mg,volume_filtered_ml,total_volume_ml,afdm_mg_cm2,notes,date_processed,processed_by
10/16/02,MKRF,fall,2002-2003,ec,1,r,110.237,117.444,111.605,45,55,0.0655,,8/25/04,CP/WG
10/16/02,MKRF,fall,2002-2003,ec,2,f,118.406,119.642,117.755,25,50,0.0346,,8/25/04,CP/WG
10/16/02,MKRF,fall,2002-2003,ec,3,p,109.872,125.509,116.007,40,50,0.109,,8/25/04,CP/WG
10/16/02,MKRF,fall,2002-2003,ec,4,r,113.028,116,113.614,20,40,0.0438,,8/25/04,CP/WG
10/16/02,MKRF,fall,2002-2003,ec,5,p,115.97,137.928,119.97,38,50,0.2168,,8/25/04,CP/WG
10/16/02,MKRF,fall,2002-2003,ec,6,NA,108.856,113.565,109.518,40,50,0.0464,,8/25/04,CP/WG
1/23/03,MKRF,winter,2002-2003,ec,1,f,115.851,117.262,116.236,30,40,0.0126,filter fell before ashed weight,1/12/05,WG/NH
1/23/03,MKRF,winter,2002-2003,ec,2,f,114.769,116.325,115.531,32,40,0.0091,,1/12/05,WG/NH
1/23/03,MKRF,winter,2002-2003,ec,3,f,111.687,113.205,112.067,27,40,0.0155,,1/12/05,WG/NH
1/23/03,MKRF,winter,2002-2003,ec,4,f,114.665,115.523,115.091,23,40,0.0069,,1/12/05,WG/NH
1/23/03,MKRF,winter,2002-2003,ec,5,r,115.403,151.413,136.095,50,60,0.1686,,1/12/05,WG/NH
1/23/03,MKRF,winter,2002-2003,ec,6,f,114.372,116.96,114.971,38,50,0.024,,1/12/05,WG/NH
3/17/03,MKRF,spring,2002-2003,ec,1,r,117.908,118.408,117.425,48,55,0.0103,7,2/13/06,DN
3/17/03,MKRF,spring,2002-2003,ec,2,r,117.961,117.874,117.287,41,51,0.0067,10,2/14/06,DN
3/17/03,MKRF,spring,2002-2003,ec,3,rn,121.705,119.043,117.876,45,50,0.0119,5,2/13/06,DN
3/17/03,MKRF,spring,2002-2003,ec,4,NA,113.948,114.585,113.587,47,53,0.0103,6,2/13/06,DN
3/17/03,MKRF,spring,2002-2003,ec,5,r,114.944,115.495,114.708,46,55,0.0086,9,2/13/06,DN
3/17/03,MKRF,spring,2002-2003,ec,6,r,114.09,115.607,114.38,41,50,0.0137,9,2/13/06,DN
6/25/04,MKRF,summer,2003-2004,ec,1,r,116.222,119.998,117.949,41,51,0.0234,,4/6/06,DN
6/25/04,MKRF,summer,2003-2004,ec,2,rn,115.163,119.86,117.412,41,51,0.0279,,4/12/2006 and 4/13/2006,DN
6/25/04,MKRF,summer,2003-2004,ec,3,rn,106.668,107.342,106.632,40,50,0.0081,,4/4/2006 and 4/06/06,DN
6/25/04,MKRF,summer,2003-2004,ec,4,rn,118.678,121.491,119.551,40,50,0.0222,,4/6/06,DN
6/25/04,MKRF,summer,2003-2004,ec,5,rn,112.104,112.911,112.032,42,50,0.0096,,4/12/2006 and 4/13/2006,DN
6/25/04,MKRF,summer,2003-2004,ec,6,rn,119.173,119.932,119.434,40,50,0.0057,,4/12/2006 and 4/13/2006,DN
11/11/04,MKRF,fall,2004-2005,ec,1,r,116.384,118.514,117.046,47,51,0.0146,,10/3/06,AC
11/11/04,MKRF,fall,2004-2005,ec,2,r,117.814,118.409,117.95,34,45,0.0056,,10/3/06,AC
11/11/04,MKRF,fall,2004-2005,ec,3,rn,123.435,126.956,123.525,37,48,0.0408,,10/3/06,AC
11/11/04,MKRF,fall,2004-2005,ec,4,r,111.433,112.802,111.571,38,46,0.0137,,10/3/06,AC
11/11/04,MKRF,fall,2004-2005,ec,5,r,120.359,121.12,120.235,33,41,0.0101,not sure of the volume,10/3/06,AC
11/11/04,MKRF,fall,2004-2005,ec,6,r,111.692,113.215,111.846,40,50,0.0157,,10/3/06,AC
1/27/05,MKRF,winter,2004-2005,ec,1,r,115.402,116.288,115.398,27,35,0.0106,,12/7/06,MM
1/27/05,MKRF,winter,2004-2005,ec,2,r,122.696,123.177,122.445,35,40,0.0077,,12/7/06,MM
1/27/05,MKRF,winter,2004-2005,ec,3,r,116.876,117.814,117.191,25,35,0.008,,12/7/06,MM
4/8/05,MKRF,spring,2004-2005,ec,1,r,111.978,122,114,36,50,0.1019,,3/15/07,JM
4/8/05,MKRF,spring,2004-2005,ec,2,r,116.406,118.917,116.656,37.5,50,0.0277,,3/13/07,JM
4/8/05,MKRF,spring,2004-2005,ec,3,p,118.446,120.067,118.81,36,50,0.016,,3/15/07,JM
4/8/05,MKRF,spring,2004-2005,ec,4,r,114.955,115.69,114.753,37.5,50,0.0115,,3/13/07,JM
4/8/05,MKRF,spring,2004-2005,ec,5,r,114.589,117.524,115.805,39,50,0.0202,,3/13/07,JM
7/6/05,MKRF,summer,2004-2005,ec,1,r,120.479,125.062,122.606,36.5,50,0.0309,,3/16/07,JM
7/6/05,MKRF,summer,2004-2005,ec,2,r,91.632,95.804,91.696,39,50,0.0483,,3/16/07,JM
7/6/05,MKRF,summer,2004-2005,ec,3,rn,119.89,125.927,122.595,38,50,0.0402,collected by P. K. and X. P.,3/16/07,JM
7/6/05,MKRF,summer,2004-2005,ec,4,r,120.212,124.281,121.718,37.5,50,0.0314,collected by P. K. and X. P. - label unclear ,3/15/07,JM
7/6/05,MKRF,summer,2004-2005,ec,5,r,118.545,124.376,120.43,38,50,0.0476,collected by P. K. and X. P.,3/15/07,JM
11/28/05,MKRF,fall,2005-2006,ec,1,r,123.172,124.848,123.683,38.5,50,0.0139,,3/19/07,JM
11/28/05,MKRF,fall,2005-2006,ec,2,p,120.664,130,125,38.5,50,0.0596,,3/19/07,JM
11/28/05,MKRF,fall,2005-2006,ec,3,p,122.512,124.503,123.131,38,50,0.0166,,3/19/07,JM
11/28/05,MKRF,fall,2005-2006,ec,4,r,118.623,118.86,118.236,39,50,0.0073,,3/19/07,JM
11/28/05,MKRF,fall,2005-2006,ec,5,p,122.722,126.911,125.102,38.5,50,0.0216,,3/19/07,JM
11/28/05,MKRF,fall,2005-2006,ec,6,p,94.927,96.697,95.474,35.5,50,0.0158,,3/19/07,JM
3/30/06,MKRF,spring,2005-2006,ec,1,r,92.37,93.069,92.65,37,50,0.0052,,3/27/07,JM
3/30/06,MKRF,spring,2005-2006,ec,2,r,122.453,122.717,121.927,39,50,0.0093,,3/27/07,JM
3/30/06,MKRF,spring,2005-2006,ec,3,r,116.529,117.195,116.754,38,50,0.0053,,3/27/07,JM
3/30/06,MKRF,spring,2005-2006,ec,4,rn,117.507,121.038,119.179,38,50,0.0224,,3/27/07,JM
3/30/06,MKRF,spring,2005-2006,ec,5,rn,116.382,118.499,117.162,37,50,0.0166,,3/27/07,JM
3/30/06,MKRF,spring,2005-2006,ec,6,r,117.464,120.797,119.021,37.5,50,0.0217,,3/27/07,JM
3/30/06,MKRF,spring,2005-2006,ec,7,p,115.233,122.567,118.609,38,50,0.0478,,3/27/07,JM
2/2/07,MKRF,winter,2006-2007,ec,1,r,120.1,121,120.218,37,50,0.0097,,3/21/07,JM
2/2/07,MKRF,winter,2006-2007,ec,2,rn,99.543,107.629,102.479,36.5,50,0.0647,,3/21/07,JM
2/2/07,MKRF,winter,2006-2007,ec,3,p,121.699,124.906,122.768,35.5,50,0.0276,,3/21/07,JM
2/2/07,MKRF,winter,2006-2007,ec,4,r,120.41,121.65,120.4,36,50,0.0159,,3/21/07,JM
2/2/07,MKRF,winter,2006-2007,ec,5,p,119.623,126.833,122.707,37.5,50,0.0505,,3/21/07,JM
4/16/07,MKRF,spring,2006-2007,ec,1,r,115.305,117.186,116.057,31,35,0.0117,,10/10/08,WG
4/16/07,MKRF,spring,2006-2007,ec,2,r,115.72,120.302,117.157,35,45,0.0371,,10/10/08,WG
4/16/07,MKRF,spring,2006-2007,ec,3,rn,117.063,121,118.407,30,35,0.0278,,10/10/08,WG
4/16/07,MKRF,spring,2006-2007,ec,4,r,116.4,117.21,116.284,26,35,0.0114,"cap off, frozen sample intact",10/10/08,WG
8/27/07,MKRF,summer,2006-2007,ec,2,r,113.017,120.949,113.147,36,45,0.0895,,11/4/08,WG
8/27/07,MKRF,summer,2006-2007,ec,3,p,213.772,251.802,226.821,90,105,0.2684,,1/28/08 and 11/4/08,WG
8/27/07,MKRF,summer,2006-2007,ec,4,rn,224.423,228.876,225.192,63,75,0.0402,,10/30/08 and 10/28/08,WG
8/27/07,MKRF,summer,2006-2007,ec,5,r,120.192,122.367,120.271,30,40,0.0256,,11/4/08,WG
2/14/08,MKRF,winter,2007-2008,ec,1,r,107.465,110.641,107.763,31,40,0.0341,,11/5/08,WG
2/14/08,MKRF,winter,2007-2008,ec,2,r,122.305,124.673,122.599,27,35,0.0247,,11/5/08,WG
2/14/08,MKRF,winter,2007-2008,ec,3,p,121.84,125.812,122.833,27,35,0.0354,,11/4/08,WG
2/14/08,MKRF,winter,2007-2008,ec,5,p,101.939,103.293,101.781,23,30,0.0181,,11/5/08,WG
2/14/08,MKRF,winter,2007-2008,ec,6,rn,108.538,114.217,111.313,23,30,0.0348,,11/5/08,WG
4/16/08,MKRF,spring,2007-2008,ec,1,r,108.702,112.133,109.585,35,45,0.0301,,11/20/08,WG
4/16/08,MKRF,spring,2007-2008,ec,2,p,107.262,108.355,107.59,30,40,0.0094,,11/20/08,WG
4/16/08,MKRF,spring,2007-2008,ec,3,r,108.056,111.25,109.431,36,45,0.0209,,11/20/08,WG
4/16/08,MKRF,spring,2007-2008,ec,4,p,108.942,110.301,109.155,35,45,0.0135,,11/20/08,WG
4/16/08,MKRF,spring,2007-2008,ec,5,r,106.378,107.881,106.512,30,40,0.0167,,11/20/08,WG
4/16/08,MKRF,spring,2007-2008,ec,6,r,109.043,110.844,109.308,37,46,0.0175,,11/20/08,WG
10/16/02,MKRF,fall,2002-2003,j,1,p,117.431,190.3,165.249,41,50,0.2803,,8/25/04,CP/WG
10/16/02,MKRF,fall,2002-2003,j,2,p,107.712,140.25,128.413,35,50,0.1551,,8/25/04,CP/WG
10/16/02,MKRF,fall,2002-2003,j,3,p,110.47,152.8,137.923,45,55,0.1668,,8/25/04,CP/WG
10/16/02,MKRF,fall,2002-2003,j,4,r,115.775,122.471,119.708,27,50,0.0469,,8/25/04,CP/WG
10/16/02,MKRF,fall,2002-2003,j,5,r,112.706,114.303,112.95,27,50,0.023,"run/pool? filter ripped, ~95% of sample recovered",8/25/04,CP/WG
3/17/03,MKRF,spring,2002-2003,j,1,NA,114.132,116.392,115.606,42,51,0.0088,9,2/14/06,DN
3/17/03,MKRF,spring,2002-2003,j,2,NA,112.012,115.598,114.332,48,56,0.0136,8,2/13/06,DN
3/17/03,MKRF,spring,2002-2003,j,3,NA,117.481,126.081,123.688,42,52,0.0272,10,2/14/06,DN
3/17/03,MKRF,spring,2002-2003,j,4,rn,121.623,125.674,124.04,40,50,0.0187,10,2/14/06,DN
3/17/03,MKRF,spring,2002-2003,j,5,rn,115.056,120.543,118.47,45,52,0.022,7,2/14/06,DN
3/17/03,MKRF,spring,2002-2003,j,6,r,116.918,117.193,116.678,45,56,0.0059,11,2/13/06,DN
6/25/04,MKRF,summer,2003-2004,j,1,NA,111.659,135.511,124.506,40,50,0.1262,no morphology,4/12/2006 and 4/13/2006,DN
6/25/04,MKRF,summer,2003-2004,j,2,NA,120.352,128.638,124.115,43,51,0.0492,no morphology,4/12/2006 and 4/13/2006,DN
6/25/04,MKRF,summer,2003-2004,j,3,NA,124.001,146.614,140.686,43,51,0.0645,no morphology,4/12/2006 and 4/13/2006,DN
6/25/04,MKRF,summer,2003-2004,j,4,NA,118.39,143.323,134.021,40,50,0.1067,no morphology,4/4/2006 and 4/06/06,DN
6/25/04,MKRF,summer,2003-2004,j,5,NA,103.867,146.606,130.539,40,50,0.1843,no morphology,4/12/2006 and 4/13/2006,DN
11/11/04,MKRF,fall,2004-2005,j,1,p,119.894,121.546,120.271,35,45,0.015,sample didn't split well - lumpy,9/15/06,AC
11/11/04,MKRF,fall,2004-2005,j,2,p,121.338,205.943,182.34,36,45,0.2707,,9/15/06,AC
11/11/04,MKRF,fall,2004-2005,j,3,r,227.105,697.119,594.329,113,129,1.1134,,9/15/06,AC
11/11/04,MKRF,fall,2004-2005,j,4,p,118.52,316.183,272.66,42,50,0.4753,,9/15/06,AC
11/11/04,MKRF,fall,2004-2005,j,5,p,228.33,323.033,298.293,78,90,0.2608,,9/15/06,AC
4/8/05,MKRF,spring,2004-2005,j,1,f,117.572,378.433,319.923,37.5,50,0.7157,,3/13/07,JM
4/8/05,MKRF,spring,2004-2005,j,2,p,116.073,174.036,157.445,37.5,50,0.2029,,3/13/07,JM
4/8/05,MKRF,spring,2004-2005,j,3,f,121.712,128.712,126.33,37,50,0.0295,,3/15/07,JM
4/8/05,MKRF,spring,2004-2005,j,4,f,115.782,153.288,146.881,40.5,55,0.0798,,3/13/07,JM
4/8/05,MKRF,spring,2004-2005,j,5,r,115.473,119.36,117.312,37.5,50,0.0251,,3/15/07,JM
4/8/05,MKRF,spring,2004-2005,j,6,r,120.79,148.299,142.005,38,50,0.076,,3/13/07,JM
7/6/05,MKRF,summer,2004-2005,j,1,p,123.723,288.39,209.855,38,50,0.948,collected by P. K. and X. P.,3/15/07,JM
7/6/05,MKRF,summer,2004-2005,j,2,rn,114.243,247.272,184.32,39,50,0.7404,collected by P. K. and X. P.,3/15/07,JM
7/6/05,MKRF,summer,2004-2005,j,3,rn,121.007,242.338,210.932,37,50,0.3894,collected by P. K. and X. P.,3/16/07,JM
7/6/05,MKRF,summer,2004-2005,j,4,rn,120.97,167.159,153.834,42,55,0.1601,collected by P. K. and X. P.,3/16/07,JM
7/6/05,MKRF,summer,2004-2005,j,5,p,120.843,199.573,162.104,38.5,50,0.4464,collected by P. K. and X. P.,3/16/07,JM
7/6/05,MKRF,summer,2004-2005,j,6,p,112.964,195.743,148.248,36.5,50,0.5969,collected by P. K. and X. P.,3/15/07,JM
11/28/05,MKRF,fall,2005-2006,j,1,p,122.933,343.302,253.85,38,52,1.123,,3/19/07,JM
11/28/05,MKRF,fall,2005-2006,j,2,rn,96.421,101.941,100.757,36,50,0.0151,,3/19/07,JM
11/28/05,MKRF,fall,2005-2006,j,3,rn,120.939,123.133,121.871,37,50,0.0156,,3/19/07,JM
11/28/05,MKRF,fall,2005-2006,j,4,rn,123.039,127.198,125.547,40,50,0.0189,,3/19/07,JM
11/28/05,MKRF,fall,2005-2006,j,5,rn,123.944,124.335,123.545,37.5,50,0.0097,,3/19/07,JM
12/6/05,MKRF,winter,2005-2006,j,1,r,124.176,125.501,124.957,36.5,50,0.0068,"error - tile was sampled November 28, 2008 (only 8 days in stream)",3/20/07,JM
12/6/05,MKRF,winter,2005-2006,j,2,p,93.457,94.502,93.824,36.5,50,0.0085,"error - tile was sampled November 28, 2008 (only 8 days in stream)",3/20/07,JM
12/6/05,MKRF,winter,2005-2006,j,3,r,121.233,122.667,121.709,37.5,50,0.0117,"error - tile was sampled November 28, 2008 (only 8 days in stream)",3/20/07,JM
12/6/05,MKRF,winter,2005-2006,j,4,r,121.494,124.775,123.297,38,50,0.0178,"error - tile was sampled November 28, 2008 (only 8 days in stream)",3/20/07,JM
3/30/06,MKRF,spring,2005-2006,j,1,p,95.39,428.84,297.05,38,50,1.5909,,3/27/07,JM
3/30/06,MKRF,spring,2005-2006,j,2,rn,91.645,802.83,729.252,37.5,50,0.9,,3/27/07,JM
3/30/06,MKRF,spring,2005-2006,j,3,rn,116.819,210.113,187.128,39,50,0.2703,,3/27/07,JM
3/30/06,MKRF,spring,2005-2006,j,4,rn,118.476,123.009,120.896,38,50,0.0255,,3/27/07,JM
3/30/06,MKRF,spring,2005-2006,j,5,r,97.813,137.841,133.241,37,50,0.057,,3/27/07,JM
2/2/07,MKRF,winter,2006-2007,j,1,rn,221.571,484.377,443.949,81,101,0.4578,,3/21/07,JM
2/2/07,MKRF,winter,2006-2007,j,2,rn,102.551,113.004,110.477,39,50,0.0297,label hard to read,3/21/07,JM
2/2/07,MKRF,winter,2006-2007,j,3,r,101.309,106.543,103.074,36.5,50,0.0436,,3/21/07,JM
2/2/07,MKRF,winter,2006-2007,j,4,rn,104.697,106.151,104.709,37,50,0.0179,,3/21/07,JM
2/2/07,MKRF,winter,2006-2007,j,5,rn,102.272,217.871,199.033,38,50,0.2274,,3/21/07,JM
2/2/07,MKRF,winter,2006-2007,j,6,r,119.638,139.901,133.949,39.5,50,0.0691,,3/21/07,JM
4/16/07,MKRF,spring,2006-2007,j,1,r,115.589,158.432,147.529,42,55,0.131,,10/10/08,WG
4/16/07,MKRF,spring,2006-2007,j,2,r,108.414,348.332,304.558,63,70,0.4462,lumpy,10/10/08,WG
4/16/07,MKRF,spring,2006-2007,j,3,rn,115.443,134.981,126.878,43,50,0.0864,,10/10/08,WG
4/16/07,MKRF,spring,2006-2007,j,4,r,110.482,392.768,340.044,42,50,0.5758,,10/10/08,WG
4/16/07,MKRF,spring,2006-2007,j,5,r,117.241,581.482,571.398,70,80,0.1057,,10/10/08,WG
4/16/07,MKRF,spring,2006-2007,j,6,r,113.077,130.532,127.4,42,50,0.0342,,10/10/08,WG
8/28/07,MKRF,summer,2006-2007,j,1,p,229.919,303.53,267.211,86,105,0.3983,,10/15/08,WG
8/29/07,MKRF,summer,2006-2007,j,2,p,223.436,328.908,277.261,86,100,0.5273,,10/15/08,WG
8/28/07,MKRF,summer,2006-2007,j,3,rn,115.905,167.591,137.466,36,45,0.3455,,10/10/08,WG
8/28/07,MKRF,summer,2006-2007,j,3,rn,114.388,149.268,135.268,41,50,0.1566,,10/15/08,WG
8/28/07,MKRF,summer,2006-2007,j,4,rn,118.239,129.573,123.456,30,40,0.0748,,10/15/08,WG
2/21/08,MKRF,winter,2007-2008,j,1,rn,118.72,130.594,127.288,36,45,0.0379,,11/13/08,WG
2/21/08,MKRF,winter,2007-2008,j,2,rn,109.484,116.179,114.413,31,40,0.0209,,11/13/08,WG
2/21/08,MKRF,winter,2007-2008,j,3,r,123.307,125.342,124.168,29,40,0.0149,,11/13/08,WG
2/21/08,MKRF,winter,2007-2008,j,4,r,108.919,158.254,149.535,45,55,0.0978,,11/13/08,WG
2/21/08,MKRF,winter,2007-2008,j,6,rn,108.259,115.516,112.198,35,45,0.0391,,11/13/08,WG
4/18/08,MKRF,spring,2007-2008,j,1,rn,108.533,142.798,131.952,45,55,0.1216,,11/18/08,WG
4/18/08,MKRF,spring,2007-2008,j,2,p,109.07,243.158,213.4,55,65,0.3226,,11/13/08,WG
4/18/08,MKRF,spring,2007-2008,j,3,rn,108.773,115.552,111.195,55,65,0.0472,,11/18/08,WG
4/18/08,MKRF,spring,2007-2008,j,4,rn,109.126,124.924,118.543,34,45,0.0775,,11/18/08,WG
4/18/08,MKRF,spring,2007-2008,j,6,r,108.516,110.263,109.64,26,35,0.0077,,11/18/08,WG
10/21/02,MKRF,fall,2002-2003,k,1,p,228.698,255.61,239.989,66,90,0.1628,2 vials,3/15/204 and 6/23/04,CP
10/21/02,MKRF,fall,2002-2003,k,2,p,114.734,116.791,114.883,38,51,0.0235,,3/15/04,CP
10/21/02,MKRF,fall,2002-2003,k,3,f,111.696,117.114,112.892,28,50,0.0692,,3/15/04,CP
10/21/02,MKRF,fall,2002-2003,k,4,f,110.499,112.175,110.791,26,45,0.022,,3/15/04,CP
10/21/02,MKRF,fall,2002-2003,k,5,p,113.15,115.882,114.237,37,50,0.0204,,3/15/04,CP
10/21/02,MKRF,fall,2002-2003,k,6,p,116.024,117.343,116.211,25,40,0.0166,,3/15/04,CP
3/17/03,MKRF,spring,2002-2003,k,1,r,116.728,116.951,116.467,45,55,0.0054,10,2/13/06,DN
3/17/03,MKRF,spring,2002-2003,k,2,rn,120.864,121.426,120.644,45,50,0.008,5,2/13/06,DN
3/17/03,MKRF,spring,2002-2003,k,3,NA,116.357,117.822,116.721,40,50,0.0126,10,2/13/06,DN
3/17/03,MKRF,spring,2002-2003,k,4,r,120.148,120.336,119.64,41,51,0.0079,10,2/13/06,DN
3/17/03,MKRF,spring,2002-2003,k,5,NA,119.61,120.79,119.967,43,53,0.0093,10,2/13/06,DN
3/17/03,MKRF,spring,2002-2003,k,6,NA,114.697,115.427,114.41,47,55,0.0109,8,2/13/06,DN
6/25/04,MKRF,summer,2003-2004,k,1,rn,107.723,110.133,108.82,40,50,0.0151,,4/12/2006 and 4/13/2006,DN
6/25/04,MKRF,summer,2003-2004,k,2,rn,114.12,116.219,114.512,41,50,0.0191,,4/4/2006 and 4/06/06,DN
6/25/04,MKRF,summer,2003-2004,k,3,p,118.111,138.098,129.951,42,50,0.089,,4/12/2006 and 4/13/2006,DN
6/25/04,MKRF,summer,2003-2004,k,4,rn,116.005,118.296,116.799,40,50,0.0172,,4/4/2006 and 4/06/06,DN
6/25/04,MKRF,summer,2003-2004,k,5,p,103.297,104.964,104.908,41,51,0.0006,,4/12/2006 and 4/13/2006,DN
6/25/04,MKRF,summer,2003-2004,k,6,rn,120.737,121.768,119.632,44,50,0.0223,,4/4/2006 and 4/06/06,DN
11/12/04,MKRF,fall,2004-2005,k,1,p,114.129,185.005,162.894,39,50,0.2601,,9/15/06,AC
11/12/04,MKRF,fall,2004-2005,k,2,rn,122.785,124.393,123.462,18,25,0.0119,,9/15/06,AC
11/12/04,MKRF,fall,2004-2005,k,3,r,110.94,111.354,110.776,15,20,0.0071,,9/15/06,AC
11/12/04,MKRF,fall,2004-2005,k,4,r,116.46,117.237,116.476,15,30,0.014,,9/15/06,AC
11/12/04,MKRF,fall,2004-2005,k,5,r,122.465,125.724,123.682,21,30,0.0268,,9/15/06,AC
1/28/05,MKRF,winter,2004-2005,k,1,r,118.868,119.54,119.44,31,45,0.0013,,12/7/06,MM
1/28/05,MKRF,winter,2004-2005,k,2,p,116.197,121.98,121.853,28,41,0.0017,,12/7/06,MM
1/28/05,MKRF,winter,2004-2005,k,4,r,111.171,112.844,112.756,31,45,0.0012,,12/7/06,MM
1/28/05,MKRF,winter,2004-2005,k,5,r,116.376,117.758,116.506,36,50,0.016,,3/9/07,JM
4/7/05,MKRF,spring,2004-2005,k,1,r,120.007,121.412,120.332,34,50,0.0146,,3/9/07,JM
4/7/05,MKRF,spring,2004-2005,k,2,p,111.622,139.778,123.127,38,50,0.201,,3/12/07,JM
4/7/05,MKRF,spring,2004-2005,k,3,r,117.298,119.139,117.606,35.5,50,0.0198,,3/12/07,JM
4/7/05,MKRF,spring,2004-2005,k,4,r,118.412,118.893,118.839,38,50,0.0007,,3/9/07,JM
4/7/05,MKRF,spring,2004-2005,k,5,r,117.564,121.417,118.099,35.5,50,0.0429,,3/9/07,JM
4/7/05,MKRF,spring,2004-2005,k,6,p,116.925,118.229,117.106,37,50,0.0139,,3/12/07,JM
7/7/05,MKRF,summer,2004-2005,k,2,p,122.502,202.056,146.713,37,50,0.6861,collected by P. K. and X. P.,3/22/07,JM
7/7/05,MKRF,summer,2004-2005,k,3,rn,123.72,131.066,126.638,37,50,0.0549,collected by P. K. and X. P.,3/22/07,JM
7/7/05,MKRF,summer,2004-2005,k,4,rn,100.416,113.253,106.76,38,50,0.0784,collected by P. K. and X. P.,3/22/07,JM
7/7/05,MKRF,summer,2004-2005,k,5,rn,118.37,127.885,120.467,39,50,0.0873,collected by P. K. and X. P.,3/22/07,JM
12/6/05,MKRF,winter,2005-2006,k,1,r,119.829,166.889,153.671,37.5,50,0.1617,,3/20/07,JM
12/6/05,MKRF,winter,2005-2006,k,2,r,117.263,138.211,130.775,39,50,0.0875,,3/20/07,JM
12/6/05,MKRF,winter,2005-2006,k,3,p,120.53,124.767,123.42,39,50,0.0158,,3/20/07,JM
12/6/05,MKRF,winter,2005-2006,k,4,r,104.299,104.852,104.159,38,50,0.0084,,3/20/07,JM
12/6/05,MKRF,winter,2005-2006,k,5,r,120.779,122.288,121.148,38,50,0.0138,,3/20/07,JM
12/6/05,MKRF,winter,2005-2006,k,6,p,95.898,98.05,96.704,37.5,50,0.0165,,3/20/07,JM
4/3/06,MKRF,spring,2005-2006,k,1,r,97.306,98.385,97.155,38,50,0.0148,,3/29/07,JM
4/3/06,MKRF,spring,2005-2006,k,6,p,119.573,124.046,122.1,36.5,50,0.0245,,3/29/07,JM
2/2/07,MKRF,winter,2006-2007,k,1,rn,101.79,123.028,117.406,42,54,0.0663,,3/21/07,JM
2/2/07,MKRF,winter,2006-2007,k,2,r,118.404,120.291,118.655,40,50,0.0188,,3/21/07,JM
2/2/07,MKRF,winter,2006-2007,k,3,r,117.096,138.671,133.814,39,52,0.0594,,3/21/07,JM
2/2/07,MKRF,winter,2006-2007,k,4,r,120.097,124.864,121.966,36.5,50,0.0364,,3/21/07,JM
2/2/07,MKRF,winter,2006-2007,k,5,r,121.801,124.368,123.023,38,53,0.0172,,3/21/07,JM
8/27/07,MKRF,summer,2006-2007,k,1,p,231.184,261.221,245.729,74,90,0.1711,,10/30/08,WG
8/27/07,MKRF,summer,2006-2007,k,2,p,229.352,639.473,363.898,79,95,2.9453,,10/30/08,WG
8/27/07,MKRF,summer,2006-2007,k,3,rn,117.442,141.008,127.593,36,45,0.1538,,11/4/08,WG
8/27/07,MKRF,summer,2006-2007,k,4,rn,113.258,117.876,114.037,42,50,0.0419,,10/28/08,WG
8/27/07,MKRF,summer,2006-2007,k,5,r,113.911,128.276,125.317,23,30,0.0354,,10/28/08,WG
8/27/07,MKRF,summer,2006-2007,k,6,p,235.667,254.026,241.14,58,75,0.1646,,10/28/08,WG
2/22/08,MKRF,winter,2007-2008,k,3,r,121.625,216.867,202.7,47,55,0.1521,,11/13/08,WG
2/22/08,MKRF,winter,2007-2008,k,4,rn,108.186,113.661,108.676,26,35,0.0616,,11/13/08,WG
2/22/08,MKRF,winter,2007-2008,k,5,r,120.094,129.29,126.109,38,45,0.0346,,11/13/08,WG
2/22/08,MKRF,winter,2007-2008,k,6,r,107.4,126.731,124.584,28,35,0.0246,,11/13/08,WG
4/17/08,MKRF,spring,2007-2008,k,1,p,108.774,127.145,117.955,50,60,0.1012,,11/20/08,WG
4/17/08,MKRF,spring,2007-2008,k,2,rn,108.457,129.593,117.934,45,55,0.1307,,11/20/08,WG
4/17/08,MKRF,spring,2007-2008,k,3,rn,109.282,126.309,121.007,50,60,0.0584,,11/20/08,WG
4/17/08,MKRF,spring,2007-2008,k,4,r,108.705,110.109,108.963,30,40,0.014,,11/20/08,WG
4/17/08,MKRF,spring,2007-2008,k,5,rn,108.858,112.211,110.255,35,45,0.0231,,11/20/08,WG
4/17/08,MKRF,spring,2007-2008,k,6,p,108.275,114.082,110.776,50,60,0.0364,,11/20/08,WG
10/21/02,MKRF,fall,2002-2003,l,1,r,110.908,113.578,111.046,35,50,0.0332,,6/23/04,CP
10/21/02,MKRF,fall,2002-2003,l,2,p,224.021,226.482,223.517,74,100,0.0376,2 vials,6/23/04,CP
10/21/02,MKRF,fall,2002-2003,l,3,r,116.741,118.065,116.298,60,70,0.0189,,6/23/04,CP
10/21/02,MKRF,fall,2002-2003,l,4,r,227.711,229.615,226.938,71,100,0.0345,2 vials,6/23/04,CP
10/21/02,MKRF,fall,2002-2003,l,5,p,231.068,235.541,231.206,60,100,0.0663,"2 vials, vial 2 may be wrong ratio (vol. filtered/total vol.)",6/23/04,CP
10/21/02,MKRF,fall,2002-2003,l,6,p,115.923,118.367,115.971,36,51,0.0311,,6/23/04,CP
3/17/03,MKRF,spring,2002-2003,l,1,r,116.477,116.931,116.159,46,55,0.0085,9,2/13/06,DN
3/17/03,MKRF,spring,2002-2003,l,2,r,113.255,140.018,113.331,40,50,0.306,10,2/14/06,DN
3/17/03,MKRF,spring,2002-2003,l,3,r,119.876,119.997,119.672,41,50,0.0036,9,2/14/06,DN
3/17/03,MKRF,spring,2002-2003,l,5,p,116.313,116.658,116.091,45,50,0.0058,5,2/14/06,DN
3/17/03,MKRF,spring,2002-2003,l,6,rn,111.282,112.232,111.292,45,55,0.0105,10,2/13/06,DN
6/25/04,MKRF,summer,2003-2004,l,2,p,117.145,120.284,118.258,40,50,0.0232,,4/12/2006 and 4/13/2006,DN
6/25/04,MKRF,summer,2003-2004,l,3,p,121.136,126.92,123.58,42,51,0.0372,,4/12/2006 and 4/13/2006,DN
6/25/04,MKRF,summer,2003-2004,l,4,rn,113.885,117.486,114.748,41,51,0.0312,,4/12/2006 and 4/13/2006,DN
6/25/04,MKRF,summer,2003-2004,l,5,p,121.874,124.966,123.076,41,51,0.0216,,4/12/2006 and 4/13/2006,DN
6/25/04,MKRF,summer,2003-2004,l,6,p,116.942,120.981,118.263,41,50,0.0304,,4/12/2006 and 4/13/2006,DN
11/12/04,MKRF,fall,2004-2005,l,1,p,122.19,123.272,122.313,31,40,0.0114,,9/15/06,AC
11/12/04,MKRF,fall,2004-2005,l,2,p,119.048,119.415,118.869,22,30,0.0068,,9/15/06,AC
11/12/04,MKRF,fall,2004-2005,l,3,r,124.381,124.733,124.224,17,30,0.0082,,9/15/06,AC
11/12/04,MKRF,fall,2004-2005,l,4,rn,113.468,116.824,114.792,23,35,0.0284,,9/15/06,AC
11/12/04,MKRF,fall,2004-2005,l,5,p,120.113,122.096,120.419,39,55,0.0217,,9/15/06,AC
11/12/04,MKRF,fall,2004-2005,l,6,p,120.895,121.819,120.841,20,30,0.0135,,9/15/06,AC
1/28/05,MKRF,winter,2004-2005,l,1,r,117.902,118.469,117.796,37,50,0.0083,,3/9/07,JM
1/28/05,MKRF,winter,2004-2005,l,2,r,114.32,114.814,114.019,37.5,50,0.0097,,3/9/07,JM
7/7/05,MKRF,summer,2004-2005,l,1,p,121.453,125.609,123.341,39.5,50,0.0263,collected by P. K. and X. P.,3/22/07,JM
7/7/05,MKRF,summer,2004-2005,l,2,p,101.807,103.824,101.972,38,50,0.0224,collected by P. K. and X. P.,3/22/07,JM
12/6/05,MKRF,winter,2005-2006,l,1,r,119.221,131.739,124.301,37,50,0.0922,,3/20/07,JM
12/6/05,MKRF,winter,2005-2006,l,3,p,121.195,122.648,121.281,37,50,0.0169,,3/20/07,JM
12/6/05,MKRF,winter,2005-2006,l,4,p,105.129,105.633,104.83,36.5,50,0.0101,,3/20/07,JM
12/6/05,MKRF,winter,2005-2006,l,5,r,122.35,125.067,123.252,37,50,0.0225,,3/20/07,JM
12/6/05,MKRF,winter,2005-2006,l,6,r,98.179,98.364,97.915,37,50,0.0056,,3/20/07,JM
4/3/06,MKRF,spring,2005-2006,l,1,p,101.181,103.285,101.76,36,50,0.0194,,3/21/07,JM
4/3/06,MKRF,spring,2005-2006,l,2,r,119.4,121.096,119.728,38,50,0.0165,,3/21/07,JM
4/3/06,MKRF,spring,2005-2006,l,3,p,103.841,144.278,113.285,39,54,0.3937,,3/21/07,JM
4/3/06,MKRF,spring,2005-2006,l,4,p,120.656,124.074,121.893,39,50,0.0257,,3/21/07,JM
4/3/06,MKRF,spring,2005-2006,l,5,r,121.029,121.657,120.731,35.5,50,0.012,,3/21/07,JM
4/16/07,MKRF,spring,2006-2007,l,1,r,113.082,114.684,113.262,32,40,0.0163,,10/10/08,WG
4/16/07,MKRF,spring,2006-2007,l,1,r,109.527,117.192,110.77,31,35,0.0665,,10/10/08,WG
4/16/07,MKRF,spring,2006-2007,l,2,r,117.064,119.612,117.849,27,35,0.021,,10/10/08,WG
4/16/07,MKRF,spring,2006-2007,l,2,p,116.984,122.947,120.351,25,30,0.0286,,10/10/08,WG
4/16/07,MKRF,spring,2006-2007,l,3,r,113.913,115.946,114.943,41,45,0.0101,,10/10/08,WG
4/16/07,MKRF,spring,2006-2007,l,4,r,115.134,117.667,115.75,26,35,0.0237,,10/10/08,WG
8/27/07,MKRF,summer,2006-2007,l,1,p,221.313,281.679,241.669,86,100,0.4268,,,
8/27/07,MKRF,summer,2006-2007,l,2,r,222.143,257.063,240.65,65,85,0.197,,10/28/08,
2/22/08,MKRF,winter,2007-2008,l,2,r,107.898,109.075,107.801,19,30,0.0185,,11/13/08,WG
2/22/08,MKRF,winter,2007-2008,l,3,r,119.191,120.982,120.018,21,30,0.0126,,11/13/08,WG
4/16/08,MKRF,spring,2007-2008,l,1,rn,107.272,108.411,107.255,30,40,0.0141,,11/20/08,WG
4/16/08,MKRF,spring,2007-2008,l,2,r,108.62,110.345,109.324,31,40,0.0121,"""small"" sample",11/20/08,WG
4/16/08,MKRF,spring,2007-2008,l,3,r,107.296,110.697,108.731,35,45,0.0232,,11/20/08,WG
4/16/08,MKRF,spring,2007-2008,l,4,r,109.625,110.501,109.673,35,45,0.0098,,11/20/08,WG
4/16/08,MKRF,spring,2007-2008,l,5,rn,106.712,109.793,107.893,40,50,0.0218,,11/20/08,WG
4/16/08,MKRF,spring,2007-2008,l,6,rn,107.871,109.303,108.12,27,35,0.0141,,11/20/08,WG
4/18/08,MKRF,spring,2007-2008,l,1,r,109.583,110.465,109.262,20,30,0.0166,,11/13/08,WG
10/16/02,MKRF,fall,2002-2003,mc,1,f,105.48,141.27,124.279,45,55,0.1905,,8/25/04,CP/WG
10/16/02,MKRF,fall,2002-2003,mc,2,r,118.415,127.423,120.47,46,50,0.0693,,6/23/04,CP
10/16/02,MKRF,fall,2002-2003,mc,3,p,113.165,117.806,114.754,31,50,0.0452,,8/25/04,CP/WG
10/16/02,MKRF,fall,2002-2003,mc,4,r,113.498,143.445,126.486,43,50,0.1809,,8/25/04,CP/WG
10/16/02,MKRF,fall,2002-2003,mc,5,f,111.026,118.791,114.295,22,40,0.075,,8/25/04,CP/WG
10/16/02,MKRF,fall,2002-2003,mc,6,p,117.552,120.905,118.754,25,50,0.0395,,8/25/04,CP/WG
1/23/03,MKRF,winter,2002-2003,mc,1,NA,116.024,120.684,118.692,39,50,0.0234,,1/12/05,WG/NH
1/23/03,MKRF,winter,2002-2003,mc,2,NA,116.461,119.273,117.81,31,40,0.0173,,1/12/05,WG/NH
1/23/03,MKRF,winter,2002-2003,mc,3,NA,117.175,121.24,118.636,33,40,0.029,,1/12/05,WG/NH
1/23/03,MKRF,winter,2002-2003,mc,4,NA,107.808,112.616,109.563,35,50,0.04,,1/12/05,WG/NH
1/23/03,MKRF,winter,2002-2003,mc,5,f,118.705,122.22,120.326,35,50,0.0248,,1/12/05,WG/NH
1/23/03,MKRF,winter,2002-2003,mc,6,f,117.484,120.625,118.677,29,40,0.0247,,1/12/05,WG/NH
3/17/03,MKRF,spring,2002-2003,mc,1,r,116.247,118.434,116.67,45,50,0.018,5,2/14/06,DN
3/17/03,MKRF,spring,2002-2003,mc,2,NA,114.443,115.995,114.918,41,50,0.012,9,2/13/06,DN
3/17/03,MKRF,spring,2002-2003,mc,3,NA,112.053,114.919,112.326,46,55,0.0284,9,2/13/06,DN
3/17/03,MKRF,spring,2002-2003,mc,4,NA,114.147,117.17,115.844,40,50,0.0152,10,2/14/06,DN
3/17/03,MKRF,spring,2002-2003,mc,5,NA,118.104,119.517,118.381,41,50,0.0127,9,2/14/06,DN
3/17/03,MKRF,spring,2002-2003,mc,6,r,121.136,122.419,121.173,43,54,0.0144,11,2/14/06,DN
6/25/04,MKRF,summer,2003-2004,mc,1,r,115.247,118.272,116.393,40,50,0.0215,,4/12/2006 and 4/13/2006,DN
6/25/04,MKRF,summer,2003-2004,mc,2,r,118.575,122.476,119.707,40,50,0.0318,,4/4/2006 and 4/06/06,DN
6/25/04,MKRF,summer,2003-2004,mc,3,p,115.667,135.177,121.561,41,50,0.1523,,4/12/2006 and 4/13/2006,DN
6/25/04,MKRF,summer,2003-2004,mc,3,p,110.179,126.631,119.582,41,50,0.0789,,4/4/2006 and 4/06/06,DN
6/25/04,MKRF,summer,2003-2004,mc,6,p,100.674,106.5,102.964,43,51,0.0385,,4/12/2006 and 4/13/2006,DN
11/11/04,MKRF,fall,2004-2005,mc,1,r,119.568,128.852,123.801,44,52,0.0548,,10/10/06,AC
11/11/04,MKRF,fall,2004-2005,mc,3,r,115.77,120.671,117.282,47,51,0.0337,,10/10/06,AC
11/11/04,MKRF,fall,2004-2005,mc,4,r,117.044,129.783,122.342,37,44,0.0812,,10/10/06,AC
11/11/04,MKRF,fall,2004-2005,mc,5,rn,122.957,133.228,128.045,32,44,0.0654,,10/10/06,AC
1/27/05,MKRF,winter,2004-2005,mc,4,r,112.719,116.907,113.123,45,60,0.0463,,11/10/06,AC
4/8/05,MKRF,spring,2004-2005,mc,1,r,117.512,120.147,118.351,37.5,50,0.022,,3/13/07,JM
4/8/05,MKRF,spring,2004-2005,mc,2,r,120.765,126.595,122.564,38,50,0.0487,,3/13/07,JM
4/8/05,MKRF,spring,2004-2005,mc,3,r,112.9,138.494,129.46,36,50,0.1151,,3/13/07,JM
4/8/05,MKRF,spring,2004-2005,mc,4,f,112.864,115.778,114.845,37,50,0.0116,,3/13/07,JM
4/8/05,MKRF,spring,2004-2005,mc,5,f,119.273,120.973,120.2,37,50,0.0096,,3/15/07,JM
4/8/05,MKRF,spring,2004-2005,mc,6,r,115.073,122.908,121.109,36.5,50,0.0226,,3/15/07,JM
7/6/05,MKRF,summer,2004-2005,mc,1,r,119.034,136.412,121.067,36.5,50,0.1928,collected by P. K. and X. P.,3/16/07,JM
7/6/05,MKRF,summer,2004-2005,mc,2,r,97.726,106.697,97.836,36.5,50,0.1114,collected by P. K. and X. P.,3/16/07,JM
7/6/05,MKRF,summer,2004-2005,mc,4,p,119.02,137.139,126.404,39,51,0.1288,collected by P. K. and X. P.,3/16/07,JM
7/6/05,MKRF,summer,2004-2005,mc,5,p,123.363,150.613,142.139,37,50,0.1051,collected by P. K. and X. P.,3/16/07,JM
7/6/05,MKRF,summer,2004-2005,mc,6,rn,120.017,135.622,130.51,39,52,0.0625,collected by P. K. and X. P.,3/15/07,JM
11/28/05,MKRF,fall,2005-2006,mc,1,rn,124.72,125.018,124.258,38.5,50,0.0091,,3/19/07,JM
11/28/05,MKRF,fall,2005-2006,mc,2,r,121.543,122.379,121.308,36,50,0.0136,,3/19/07,JM
11/28/05,MKRF,fall,2005-2006,mc,3,rn,121.348,125.483,124.051,38,50,0.0173,,3/19/07,JM
11/28/05,MKRF,fall,2005-2006,mc,4,rn,122.636,122.684,122.145,38,50,0.0065,sample was very small,3/19/07,JM
11/28/05,MKRF,fall,2005-2006,mc,5,rn,120.985,122.71,120.964,37,50,0.0216,,3/19/07,JM
11/28/05,MKRF,fall,2005-2006,mc,6,p,122.912,126.362,124.689,37.5,50,0.0205,,3/19/07,JM
3/30/06,MKRF,spring,2005-2006,mc,1,r,121.477,125.294,123.456,38,50,0.0222,,3/27/07,JM
3/30/06,MKRF,spring,2005-2006,mc,2,r,119.63,120.025,119.816,38,50,0.0025,,3/27/07,JM
3/30/06,MKRF,spring,2005-2006,mc,3,r,117.664,120.884,119.127,38,50,0.0212,can't read label very well,3/27/07,JM
3/30/06,MKRF,spring,2005-2006,mc,4,rn,118.068,118.435,117.848,37.5,50,0.0072,,3/27/07,JM
3/30/06,MKRF,spring,2005-2006,mc,5,r,96.775,98.602,97.591,40,50,0.0116,,3/27/07,JM
2/2/07,MKRF,winter,2006-2007,mc,1,rn,116.814,126.488,123.121,37,50,0.0417,,3/21/07,JM
2/2/07,MKRF,winter,2006-2007,mc,2,r,122.866,131.435,128.18,40,54,0.0403,,3/21/07,JM
2/2/07,MKRF,winter,2006-2007,mc,3,r,118.418,119.472,118.289,41,52,0.0138,,3/21/07,JM
4/16/07,MKRF,spring,2006-2007,mc,2,r,111.505,112.583,111.784,31,40,0.0095,,10/10/08,WG
4/16/07,MKRF,spring,2006-2007,mc,3,rn,112.455,114.97,113.892,24,30,0.0124,,10/10/08,WG
4/16/07,MKRF,spring,2006-2007,mc,4,p,117.626,120.13,117.978,29,35,0.0238,,10/10/08,WG
4/16/07,MKRF,spring,2006-2007,mc,5,r,112.245,113.114,112.336,27,35,0.0093,,10/10/08,WG
8/27/07,MKRF,summer,2006-2007,mc,1,rn,227.179,266.95,251.635,65,80,0.171,,11/4/08,WG
8/27/07,MKRF,summer,2006-2007,mc,2,r,231.58,266.386,252.462,67,85,0.1613,,10/28/08,WG
8/27/07,MKRF,summer,2006-2007,mc,3,r,234.787,266.239,252.743,62,80,0.1597,,11/4/08,WG
8/27/07,MKRF,summer,2006-2007,mc,4,p,226.562,251.719,236.884,77,95,0.1683,,10/28/08,WG
8/27/07,MKRF,summer,2006-2007,mc,5,p,232.186,251.178,237.633,83,100,0.1499,,10/28/08,WG
8/27/07,MKRF,summer,2006-2007,mc,6,r,224.565,234.86,227.225,55,70,0.0894,,11/4/08,WG
2/21/08,MKRF,winter,2007-2008,mc,1,r,107.761,113.011,110.357,36,45,0.0304,,11/13/08,WG
2/21/08,MKRF,winter,2007-2008,mc,2,r,115.162,125.125,123.161,27,35,0.0234,,11/13/08,WG
2/21/08,MKRF,winter,2007-2008,mc,5,r,108.173,110.893,109.285,24,35,0.0215,,11/13/08,WG
2/21/08,MKRF,winter,2007-2008,mc,6,r,121.89,127.964,124.663,24,30,0.0379,,11/13/08,WG
4/22/08,MKRF,spring,2007-2008,mc,1,r,108.43,129.489,118.192,40,50,0.1296,,11/18/08,WG
4/22/08,MKRF,spring,2007-2008,mc,2,r,108.676,118.65,114.763,35,45,0.0458,,11/18/08,WG
4/22/08,MKRF,spring,2007-2008,mc,3,r,108.933,112.081,109.969,30,40,0.0258,,11/18/08,WG
4/22/08,MKRF,spring,2007-2008,mc,4,p,107.871,114.748,110.493,40,50,0.0488,,11/18/08,WG
4/22/08,MKRF,spring,2007-2008,mc,5,rn,107.615,110.097,108.453,33,40,0.0183,,11/18/08,WG
4/22/08,MKRF,spring,2007-2008,mc,6,rn,108.343,109.339,109.307,24,35,0.0004,,11/18/08,WG
10/15/02,MKRF,fall,2002-2003,sc,1,r,113.068,115.8,113.421,44,50,0.0248,,6/10/04,CP
10/15/02,MKRF,fall,2002-2003,sc,2,r,117.172,121.583,117.395,36,50,0.0534,,6/8/04,CP
10/15/02,MKRF,fall,2002-2003,sc,3,r,109.265,121.411,115.632,41,50,0.0647,,6/10/04,CP
10/15/02,MKRF,fall,2002-2003,sc,4,f,111.232,113.597,111.282,33,50,0.0322,,6/8/04,CP
10/15/02,MKRF,fall,2002-2003,sc,5,r,115.554,119.267,115.857,40,50,0.0391,,6/10/04,CP
10/15/02,MKRF,fall,2002-2003,sc,6,p,112.876,138.95,126.378,46,51,0.1279,46/50 (not sure),6/10/04,CP
1/23/03,MKRF,winter,2002-2003,sc,1,r,108.605,112.639,109.93,45,50,0.0276,,1/12/05,WG/NH
1/23/03,MKRF,winter,2002-2003,sc,2,NA,120.324,127.114,125.204,38,50,0.0231,,1/12/05,WG/NH
1/23/03,MKRF,winter,2002-2003,sc,3,NA,109.7,112.409,111.282,37,50,0.014,filter fell before dry weight,1/12/05,WG/NH
1/23/03,MKRF,winter,2002-2003,sc,4,NA,118.583,121.201,119.367,25,40,0.0269,,1/12/05,WG/NH
3/17/03,MKRF,spring,2002-2003,sc,1,r,111.517,114.127,112.078,49,55,0.0211,6,2/13/06,DN
3/17/03,MKRF,spring,2002-2003,sc,2,r,123.624,124.928,123.394,42,52,0.0174,10,2/14/06,DN
3/17/03,MKRF,spring,2002-2003,sc,3,NA,116.001,118.143,116.879,40,50,0.0145,10,2/13/06,DN
3/17/03,MKRF,spring,2002-2003,sc,4,NA,118.737,119.569,118.805,44,54,0.0086,10,2/13/06,DN
3/17/03,MKRF,spring,2002-2003,sc,5,r,113.053,113.953,113.08,42,50,0.0095,8,2/14/06,DN
3/17/03,MKRF,spring,2002-2003,sc,6,r,118.433,118.871,117.608,42,50,0.0138,8,2/14/06,DN
6/25/04,MKRF,summer,2003-2004,sc,1,r,115.831,119.072,115.967,40,50,0.0356,,4/4/2006 and 4/06/06,DN
6/25/04,MKRF,summer,2003-2004,sc,2,p,118.409,121.658,119.983,40,50,0.0192,,4/12/2006 and 4/13/2006,DN
6/25/04,MKRF,summer,2003-2004,sc,3,rn,116.825,118.917,116.751,43,50,0.0231,spring ck,4/12/2006 and 4/13/2006,DN
6/25/04,MKRF,summer,2003-2004,sc,4,rn,118.01,124.747,119.306,40,50,0.0624,spring ck,4/12/2006 and 4/13/2006,DN
6/25/04,MKRF,summer,2003-2004,sc,5,rn,105.234,107.255,105.595,40,50,0.019,spring ck,4/4/2006 and 4/06/06,DN
11/11/04,MKRF,fall,2004-2005,sc,1,r,237.797,249.226,242.46,71,99,0.0867,,10/3/06,AC
11/11/04,MKRF,fall,2004-2005,sc,2,rn,110.356,111.988,110.933,32,50,0.0151,,10/3/06,AC
11/11/04,MKRF,fall,2004-2005,sc,3,p,118.464,125.493,122.226,30,50,0.05,,10/3/06,AC
11/11/04,MKRF,fall,2004-2005,sc,4,rn,109.769,122.471,114.799,42,48,0.0804,,10/3/06,AC
11/11/04,MKRF,fall,2004-2005,sc,5,rn,119.082,124.315,120.336,37,51,0.0503,,10/3/06,AC
11/11/04,MKRF,fall,2004-2005,sc,6,r,120.081,120.55,120.098,30,46,0.0064,,10/3/06,AC
4/8/05,MKRF,spring,2004-2005,sc,1,r,119.008,123.224,121.057,36,50,0.0276,,3/13/07,JM
4/8/05,MKRF,spring,2004-2005,sc,2,p,114.51,136.859,127.84,38.5,50,0.1075,,3/15/07,JM
4/8/05,MKRF,spring,2004-2005,sc,3,r,117.928,120.953,118.696,37,50,0.028,,3/15/07,JM
4/8/05,MKRF,spring,2004-2005,sc,4,f,117.997,124.239,120.644,40,57,0.047,,3/15/07,JM
4/8/05,MKRF,spring,2004-2005,sc,5,r,116.976,118.402,117.585,37.5,50,0.01,,3/15/07,JM
7/6/05,MKRF,summer,2004-2005,sc,1,rn,95.529,99.538,97.02,38,50,0.0304,"collected by P. Kiffney and X. Pinto - label unclear, is it rep 4?",3/16/07,JM
7/6/05,MKRF,summer,2004-2005,sc,1,rn,92.88,100.303,95.603,36,50,0.0599,collected by P. K. and X. P.,3/16/07,JM
7/6/05,MKRF,summer,2004-2005,sc,2,p,118.086,200.041,147.768,37,50,0.6481,collected by P. K. and X. P.,3/16/07,JM
7/6/05,MKRF,summer,2004-2005,sc,3,rn,121.323,124.269,121.557,36,50,0.0346,collected by P. K. and X. P.,3/16/07,JM
7/6/05,MKRF,summer,2004-2005,sc,4,rn,96.222,102.988,97.768,38,50,0.063,collected by P. K. and X. P.,3/16/07,JM
7/6/05,MKRF,summer,2004-2005,sc,5,rn,93.955,105.272,99.346,35,50,0.0777,collected by P. K. and X. P.,3/16/07,JM
11/28/05,MKRF,fall,2005-2006,sc,1,r,97.747,98.823,97.777,39,52,0.0128,,3/19/07,JM
11/28/05,MKRF,fall,2005-2006,sc,2,p,122.721,125.237,124.07,36,50,0.0149,,3/19/07,JM
11/28/05,MKRF,fall,2005-2006,sc,3,p,95.134,112.659,104.195,37,51,0.107,,3/19/07,JM
11/28/05,MKRF,fall,2005-2006,sc,4,rn,94.203,97.4,96.143,37.5,50,0.0154,,3/19/07,JM
11/28/05,MKRF,fall,2005-2006,sc,5,p,121.348,123.582,122.444,38,51,0.014,,3/19/07,JM
11/28/05,MKRF,fall,2005-2006,sc,6,p,93.564,97.322,95.327,38.5,50,0.0238,,3/19/07,JM
3/30/06,MKRF,spring,2005-2006,sc,2,p,119.961,120.565,119.91,37.5,50,0.008,,3/27/07,JM
3/30/06,MKRF,spring,2005-2006,sc,3,p,98.831,112.966,107.3,39,50,0.0666,,3/27/07,JM
3/30/06,MKRF,spring,2005-2006,sc,4,rn,123.917,124.823,123.853,38,50,0.0117,,3/27/07,JM
3/30/06,MKRF,spring,2005-2006,sc,5,rn,92.259,93.674,92.767,37,50,0.0112,,3/27/07,JM
3/30/06,MKRF,spring,2005-2006,sc,6,p,91.242,96.341,94.244,38.5,50,0.025,,3/27/07,JM
2/2/07,MKRF,winter,2006-2007,sc,1,r,120.81,121.709,120.455,39.5,50,0.0146,,3/21/07,JM
2/2/07,MKRF,winter,2006-2007,sc,2,p,101.827,113.806,109.729,36,50,0.0519,,3/21/07,JM
2/2/07,MKRF,winter,2006-2007,sc,3,p,118.652,124.141,121.936,37,50,0.0273,,3/21/07,JM
2/2/07,MKRF,winter,2006-2007,sc,4,rn,120.65,122.879,121.424,39,50,0.0171,,3/21/07,JM
2/2/07,MKRF,winter,2006-2007,sc,5,p,119.209,123.829,121.662,37,50,0.0269,,3/21/07,JM
4/16/07,MKRF,spring,2006-2007,sc,1,r,117.501,118.711,117.604,30,35,0.0118,,10/10/08,WG
4/16/07,MKRF,spring,2006-2007,sc,2,p,114.502,126.543,121.524,31,40,0.0594,,10/10/08,WG
4/16/07,MKRF,spring,2006-2007,sc,3,p,117.117,120.015,118.573,41,45,0.0145,,10/10/08,WG
4/16/07,MKRF,spring,2006-2007,sc,4,rn,110.39,119.756,116.584,32,40,0.0364,,10/10/08,WG
4/16/07,MKRF,spring,2006-2007,sc,5,rn,111.954,115.529,113.739,24,30,0.0205,,10/10/08,WG
8/27/07,MKRF,summer,2006-2007,sc,1,r,112.292,114.461,112.075,32,40,0.0274,,11/4/08,WG
8/27/07,MKRF,summer,2006-2007,sc,2,r,231.201,238.199,233.477,57,80,0.0648,,11/4/08,WG
8/27/07,MKRF,summer,2006-2007,sc,3,p,219.846,440.675,343.286,94,110,1.0169,,10/28/08,WG
8/27/07,MKRF,summer,2006-2007,sc,4,p,122.051,146.41,138.553,50,60,0.0865,,11/4/08,WG
8/27/07,MKRF,summer,2006-2007,sc,5,rn,118.036,128.13,121.346,43,50,0.0724,,10/28/08,WG
8/27/07,MKRF,summer,2006-2007,sc,6,p,116.007,120.4,116.822,30,40,0.0438,,11/4/08,WG
2/14/08,MKRF,winter,2007-2008,sc,1,r,121.191,122.57,121.274,21,30,0.017,,11/4/08,WG
2/14/08,MKRF,winter,2007-2008,sc,2,p,120.297,131.682,127.909,31,40,0.0447,,11/4/08,WG
2/14/08,MKRF,winter,2007-2008,sc,3,p,104.191,116.693,102.54,28,36,0.1669,,11/5/08,WG
2/14/08,MKRF,winter,2007-2008,sc,6,rn,108.04,109.946,108.15,23,30,0.0215,,11/5/08,WG
4/16/08,MKRF,spring,2007-2008,sc,1,r,108.02,109.163,107.827,25,35,0.0172,,11/20/08,WG
4/16/08,MKRF,spring,2007-2008,sc,2,rn,106.276,109.13,107.128,25,35,0.0257,,11/20/08,WG
4/16/08,MKRF,spring,2007-2008,sc,3,p,108.809,126.102,118.796,31,40,0.0865,,11/20/08,WG
4/16/08,MKRF,spring,2007-2008,sc,4,p,109.179,113.678,110.641,30,40,0.0371,,11/20/08,WG
4/16/08,MKRF,spring,2007-2008,sc,5,r,107.414,108.851,107.38,30,40,0.018,,11/20/08,WG
4/16/08,MKRF,spring,2007-2008,sc,6,rn,108.221,110.314,108.439,32,40,0.0215,,11/20/08,WG